Full name,Age_changed,Birthday_changes,Email_changed,City_changed,Salary_changed
Violet Morris,50,1996-08-13,lit@jelavef.ad,Ojotasjo,$4196.55
Jeffery Horton,44,1982-06-22,didehidog@wiep.gm,Builaoki,$8401.49
Adrian Erickson,41,1962-01-31,malmob@jam.fm,Danada,$9804.96
Sarah Hubbard,50,1998-03-22,arega@ma.uy,Kiwraciw,$7.35
Lida Moran,27,1965-02-07,nafriwnah@dacaz.lc,Nuosijo,$3736.35
Gregory Ellis,28,1969-01-18,ujkeduku@gaf.do,Niljujhet,$8391.73
Jonathan Hopkins,65,1989-12-21,gafhab@pinofsis.ph,Sahtufat,$959.05
Leroy Weber,30,1990-03-14,vevuj@tej.be,Jebmudum,$2411.78
Carl Clarke,57,1967-04-22,wopevbic@dul.gn,Bigovejo,$8802.84
Nannie Simmons,40,1982-01-15,ebamernow@ewo.bn,Nukiof,$3121.11
Gilbert Strickland,33,1997-07-07,motbebpez@duha.no,Igedibiz,$8107.96
Elnora Silva,63,1969-12-19,saverot@arome.bh,Ticlihol,$6800.09
Walter Osborne,53,1992-07-29,wijjal@awimobco.pw,Ajuojtej,$678.70
Russell Murphy,34,1989-04-06,hiubruc@tonze.km,Nejeic,$5554.49
Gabriel Hamilton,61,1981-09-08,vozekna@pofsugov.mu,Jubitgip,$9261.58
Josie Carr,64,1985-07-17,su@ah.mr,Icuabpi,$315.08
Gussie Lawson,31,1961-04-18,komig@epliwuci.la,Owiavaik,$5388.97
Lucile Saunders,44,2002-12-20,ivejasepa@cun.nr,Risvokvi,$233.89
Dorothy Ballard,51,1974-03-04,jo@puhtuoj.zw,Ludekob,$8907.13
Julian Thomas,24,1956-12-27,nefit@ecimibe.is,Cegito,$2247.94
Georgie Ramirez,31,1963-07-02,luskijaw@ba.gd,Lascefba,$2391.57
Grace Soto,22,1971-03-18,had@fojon.il,Cehalcuk,$758.72
Nannie Newman,47,1967-02-07,bekhok@rinafedi.ci,Ujporar,$1587.70
Nelle Rice,34,1956-08-09,atieci@ujcuk.sj,Comingu,$2749.19
Evelyn Nguyen,52,1969-06-30,opabkos@tesvoc.lb,Zesuaha,$8265.05
Shawn Steele,59,1981-07-12,hetitor@gi.va,Ahicazet,$6146.55
Jesse Chavez,46,1978-12-09,oruja@wa.cn,Pofeluv,$5072.74
Randy Padilla,24,1959-09-23,lidjil@habgadzi.ie,Hifofo,$6999.13
Marcus Nichols,39,1956-10-31,vopbe@ebjot.mr,Motsinpu,$1318.81
Josie Gordon,38,1956-01-19,itze@hupaped.mg,Ceipzu,$2389.24
Tony Campbell,48,1989-01-28,gev@fa.fo,Besilis,$3304.68
Steve Mason,38,1985-02-19,ber@uwaarku.za,Reiwli,$4452.99
Mario Reeves,46,1992-12-12,bam@ec.mo,Gipoldiz,$8669.47
Jayden Gross,33,1967-08-01,ba@nepew.sh,Ohuhuba,$3242.79
Charlie Pope,54,2002-07-25,joerba@lihtag.ga,Fawosles,$7830.65
Effie Franklin,50,1955-04-30,zihu@ekokrer.tc,Otefimmod,$1184.55
Emilie Gray,42,1983-02-19,muji@fibuviz.gl,Toluzo,$6158.36
Mayme Wagner,64,1998-01-12,nomfi@pejmoh.nz,Odeminovi,$5326.30
Dollie Adkins,50,2000-10-04,fuhoup@lomobcom.na,Iszocew,$1373.73
Lizzie Morris,35,1995-06-04,zidenon@ibute.gd,Simahan,$1876.38
Eugenia Underwood,18,1984-11-01,rapce@mapto.hm,Bipdusaw,$995.07
Martha Barton,19,1982-10-16,ad@rafsi.km,Cadnemcu,$5010.36
Sara Cook,31,1988-08-01,pos@cef.cw,Zoecuwa,$2036.96
Jimmy Hart,39,1961-02-14,wusnak@pa.aw,Uruvvoz,$9933.47
Harriet Armstrong,24,1969-11-06,dew@ti.gu,Sojepo,$6329.50
Corey Jackson,21,2002-06-18,hulabek@ilezopom.gs,Mifhuju,$8985.11
Rhoda Brown,47,1989-07-20,gorcuwga@recad.net,Gujodaeso,$3425.73
Nell Blake,65,1961-04-09,zifzorcit@fuz.bb,Sepsukpo,$2238.67
Isaac Holland,47,1962-05-20,ege@eku.uy,Denumo,$7569.79
Glen Dixon,34,1981-05-17,bewemzo@ruksi.jo,Adodabu,$3946.05
Myrtie Simmons,21,1964-07-09,su@nazbajwi.nl,Dijderef,$1414.11
Glen Cross,65,1966-04-01,uwuvudwuz@howku.bg,Rehevifo,$8474.02
Benjamin Strickland,46,1994-08-24,fuvmu@cu.af,Ijefuvo,$9718.54
Mario Allen,34,1993-02-20,og@jehi.at,Ajeavelit,$8278.27
Hester Schmidt,18,1984-02-27,bari@evzof.ax,Hujdawe,$2924.13
Leon Hansen,49,1972-09-28,rutaz@zewib.cr,Jafhonta,$6258.27
Caleb Banks,46,1957-12-30,selfuzu@su.au,Foremecu,$437.63
Mamie Sandoval,64,1988-01-31,tal@doezame.sb,Gisebtu,$2483.37
Loretta Hernandez,45,1979-10-28,lik@wahlaj.net,Oglamu,$6213.99
Mark Erickson,28,1989-08-01,ke@erfupe.cd,Kiuszo,$6609.13
Marion Day,48,1981-02-13,ge@vo.na,Mokocmif,$321.02
Isabella Smith,55,1963-09-05,fawugwa@fewbu.vc,Riggeci,$1282.42
Kyle Morris,55,1999-05-19,poswolnif@jofelse.tv,Deedunom,$9237.06
Marian Gibbs,49,1960-06-06,paf@kobvo.es,Bigjedop,$2788.67
Steve Wright,65,1968-12-31,vitud@azwizki.cl,Mizucpo,$2230.36
Tommy Kelley,32,1967-06-13,midde@ij.ne,Fetekdu,$1677.17
Darrell Ingram,64,1981-10-27,caj@pohu.va,Gomvogzul,$7306.81
Ann Griffith,41,1992-08-11,as@sancovoz.lc,Javdowa,$433.47
Cameron Chapman,31,1990-07-05,bakaw@mi.it,Omfudca,$6590.45
Beatrice Mitchell,58,2002-09-29,bica@gos.ai,Fesjenro,$1258.43
Inez Todd,58,1958-11-23,be@penmeweke.sz,Julapfuj,$7319.13
Mollie Terry,51,1994-08-15,ridvih@siguc.za,Revsebap,$1838.95
Olga Stokes,43,1961-10-12,wo@sakal.gh,Oleewanis,$5131.75
Jeffrey Tyler,23,1983-12-22,civup@zubevi.pw,Epimulot,$5871.32
Fannie Flowers,63,1982-05-06,kohi@wefici.com,Faobwe,$8069.86
Clayton Rodgers,28,1988-10-21,be@tiosset.ps,Zuluzkam,$3033.70
Myrtle Roberts,31,1977-10-09,lilugona@ostu.ml,Jonunzu,$8410.93
Ronald Christensen,50,1995-05-24,jewko@ogiwihig.ec,Roderka,$3184.07
Curtis Robbins,38,2000-02-05,fac@odzaecu.im,Bemmifcup,$8989.09
Carlos Hicks,38,1983-08-16,ole@beti.rs,Ajuwido,$3485.40
Victor Perkins,35,1972-03-05,wotez@zujikan.tv,Wissufwo,$1252.57
Irene McCoy,35,1995-02-05,ob@owezad.in,Tihago,$1616.12
Jay Phillips,28,1982-07-23,buf@azijuwuvo.gm,Nolekez,$2012.47
Willie Diaz,26,1978-03-21,esgud@usfa.hu,Enkeji,$5419.70
Floyd Tate,48,1961-10-20,edi@bovomhi.gb,Lidzucni,$6366.06
Kenneth Wolfe,32,1985-07-31,bag@nihehgi.sj,Vesdokcu,$9270.46
Bernard Fields,24,1975-07-18,tek@ra.fi,Erinesdoj,$7754.76
Mayme Taylor,39,1981-03-16,cu@opiuwu.jm,Juansi,$9120.74
Bertha Snyder,61,2002-04-20,lu@cahin.fk,Juakpud,$2767.04
Joshua Phelps,42,1961-01-23,hembiji@ane.se,Fusebanav,$9495.11
Etta Montgomery,44,1973-02-06,jittorpi@udeop.cd,Pezile,$2540.76
Daniel Floyd,29,1966-08-23,ehi@toahvu.bj,Owsemosi,$7690.25
Luke Gardner,27,1975-07-05,og@ne.gd,Jaokwi,$8391.91
Madge Neal,46,1969-03-02,kopte@ma.bj,Wapzicug,$3737.23
Eunice Francis,19,1955-01-08,ka@wo.ar,Ucbegde,$5991.96
Christine Haynes,51,1978-10-18,paipa@fet.at,Radvufwu,$7076.88
Lida Allen,24,1971-04-22,ovumo@ifira.sn,Hofmitip,$4906.30
Isabella Rice,27,1968-08-07,durjew@hura.uz,Noecatet,$8643.08
Gertrude Erickson,41,1959-10-30,eg@ma.nl,Ujbeno,$9039.45
Pearl Ortiz,37,1962-01-04,ofa@ge.ca,Ajoevuhi,$7730.28
