Full name,Age,Birthday,Email,City,Salary
Violet Morris,50,8/13/1996,lit@jelavef.ad,Ojotasjo,$4196.55
Jeffery Horton,44,6/22/1982,didehidog@wiep.gm,Builaoki,$8401.49
Adrian Erickson,41,1/31/1962,malmob@jam.fm,Danada,$9804.96
Sarah Hubbard,50,3/22/1998,arega@ma.uy,Kiwraciw,$7.35
Lida Moran,27,2/7/1965,nafriwnah@dacaz.lc,Nuosijo,$3736.35
Gregory Ellis,28,1/18/1969,ujkeduku@gaf.do,Niljujhet,$8391.73
Jonathan Hopkins,65,12/21/1989,gafhab@pinofsis.ph,Sahtufat,$959.05
Leroy Weber,30,3/14/1990,vevuj@tej.be,Jebmudum,$2411.78
Carl Clarke,57,4/22/1967,wopevbic@dul.gn,Bigovejo,$8802.84
Nannie Simmons,40,1/15/1982,ebamernow@ewo.bn,Nukiof,$3121.11
Gilbert Strickland,33,7/7/1997,motbebpez@duha.no,Igedibiz,$8107.96
Elnora Silva,63,12/19/1969,saverot@arome.bh,Ticlihol,$6800.09
Walter Osborne,53,7/29/1992,wijjal@awimobco.pw,Ajuojtej,$678.70
Russell Murphy,34,4/6/1989,hiubruc@tonze.km,Nejeic,$5554.49
Gabriel Hamilton,61,9/8/1981,vozekna@pofsugov.mu,Jubitgip,$9261.58
Josie Carr,64,7/17/1985,su@ah.mr,Icuabpi,$315.08
Gussie Lawson,31,4/18/1961,komig@epliwuci.la,Owiavaik,$5388.97
Lucile Saunders,44,12/20/2002,ivejasepa@cun.nr,Risvokvi,$233.89
Dorothy Ballard,51,3/4/1974,jo@puhtuoj.zw,Ludekob,$8907.13
Julian Thomas,24,12/27/1956,nefit@ecimibe.is,Cegito,$2247.94
Georgie Ramirez,31,7/2/1963,luskijaw@ba.gd,Lascefba,$2391.57
Grace Soto,22,3/18/1971,had@fojon.il,Cehalcuk,$758.72
Nannie Newman,47,2/7/1967,bekhok@rinafedi.ci,Ujporar,$1587.70
Nelle Rice,34,8/9/1956,atieci@ujcuk.sj,Comingu,$2749.19
Evelyn Nguyen,52,6/30/1969,opabkos@tesvoc.lb,Zesuaha,$8265.05
Shawn Steele,59,7/12/1981,hetitor@gi.va,Ahicazet,$6146.55
Jesse Chavez,46,12/9/1978,oruja@wa.cn,Pofeluv,$5072.74
Randy Padilla,24,9/23/1959,lidjil@habgadzi.ie,Hifofo,$6999.13
Marcus Nichols,39,10/31/1956,vopbe@ebjot.mr,Motsinpu,$1318.81
Josie Gordon,38,1/19/1956,itze@hupaped.mg,Ceipzu,$2389.24
Tony Campbell,48,1/28/1989,gev@fa.fo,Besilis,$3304.68
Steve Mason,38,2/19/1985,ber@uwaarku.za,Reiwli,$4452.99
Mario Reeves,46,12/12/1992,bam@ec.mo,Gipoldiz,$8669.47
Jayden Gross,33,8/1/1967,ba@nepew.sh,Ohuhuba,$3242.79
Charlie Pope,54,7/25/2002,joerba@lihtag.ga,Fawosles,$7830.65
Effie Franklin,50,4/30/1955,zihu@ekokrer.tc,Otefimmod,$1184.55
Emilie Gray,42,2/19/1983,muji@fibuviz.gl,Toluzo,$6158.36
Mayme Wagner,64,1/12/1998,nomfi@pejmoh.nz,Odeminovi,$5326.30
Dollie Adkins,50,10/4/2000,fuhoup@lomobcom.na,Iszocew,$1373.73
Lizzie Morris,35,6/4/1995,zidenon@ibute.gd,Simahan,$1876.38
Eugenia Underwood,18,11/1/1984,rapce@mapto.hm,Bipdusaw,$995.07
Martha Barton,19,10/16/1982,ad@rafsi.km,Cadnemcu,$5010.36
Sara Cook,31,8/1/1988,pos@cef.cw,Zoecuwa,$2036.96
Jimmy Hart,39,2/14/1961,wusnak@pa.aw,Uruvvoz,$9933.47
Harriet Armstrong,24,11/6/1969,dew@ti.gu,Sojepo,$6329.50
Corey Jackson,21,6/18/2002,hulabek@ilezopom.gs,Mifhuju,$8985.11
Rhoda Brown,47,7/20/1989,gorcuwga@recad.net,Gujodaeso,$3425.73
Nell Blake,65,4/9/1961,zifzorcit@fuz.bb,Sepsukpo,$2238.67
Isaac Holland,47,5/20/1962,ege@eku.uy,Denumo,$7569.79
Glen Dixon,34,5/17/1981,bewemzo@ruksi.jo,Adodabu,$3946.05
Myrtie Simmons,21,7/9/1964,su@nazbajwi.nl,Dijderef,$1414.11
Glen Cross,65,4/1/1966,uwuvudwuz@howku.bg,Rehevifo,$8474.02
Benjamin Strickland,46,8/24/1994,fuvmu@cu.af,Ijefuvo,$9718.54
Mario Allen,34,2/20/1993,og@jehi.at,Ajeavelit,$8278.27
Hester Schmidt,18,2/27/1984,bari@evzof.ax,Hujdawe,$2924.13
Leon Hansen,49,9/28/1972,rutaz@zewib.cr,Jafhonta,$6258.27
Caleb Banks,46,12/30/1957,selfuzu@su.au,Foremecu,$437.63
Mamie Sandoval,64,1/31/1988,tal@doezame.sb,Gisebtu,$2483.37
Loretta Hernandez,45,10/28/1979,lik@wahlaj.net,Oglamu,$6213.99
Mark Erickson,28,8/1/1989,ke@erfupe.cd,Kiuszo,$6609.13
Marion Day,48,2/13/1981,ge@vo.na,Mokocmif,$321.02
Isabella Smith,55,9/5/1963,fawugwa@fewbu.vc,Riggeci,$1282.42
Kyle Morris,55,5/19/1999,poswolnif@jofelse.tv,Deedunom,$9237.06
Marian Gibbs,49,6/6/1960,paf@kobvo.es,Bigjedop,$2788.67
Steve Wright,65,12/31/1968,vitud@azwizki.cl,Mizucpo,$2230.36
Tommy Kelley,32,6/13/1967,midde@ij.ne,Fetekdu,$1677.17
Darrell Ingram,64,10/27/1981,caj@pohu.va,Gomvogzul,$7306.81
Ann Griffith,41,8/11/1992,as@sancovoz.lc,Javdowa,$433.47
Cameron Chapman,31,7/5/1990,bakaw@mi.it,Omfudca,$6590.45
Beatrice Mitchell,58,9/29/2002,bica@gos.ai,Fesjenro,$1258.43
Inez Todd,58,11/23/1958,be@penmeweke.sz,Julapfuj,$7319.13
Mollie Terry,51,8/15/1994,ridvih@siguc.za,Revsebap,$1838.95
Olga Stokes,43,10/12/1961,wo@sakal.gh,Oleewanis,$5131.75
Jeffrey Tyler,23,12/22/1983,civup@zubevi.pw,Epimulot,$5871.32
Fannie Flowers,63,5/6/1982,kohi@wefici.com,Faobwe,$8069.86
Clayton Rodgers,28,10/21/1988,be@tiosset.ps,Zuluzkam,$3033.70
Myrtle Roberts,31,10/9/1977,lilugona@ostu.ml,Jonunzu,$8410.93
Ronald Christensen,50,5/24/1995,jewko@ogiwihig.ec,Roderka,$3184.07
Curtis Robbins,38,2/5/2000,fac@odzaecu.im,Bemmifcup,$8989.09
Carlos Hicks,38,8/16/1983,ole@beti.rs,Ajuwido,$3485.40
Victor Perkins,35,3/5/1972,wotez@zujikan.tv,Wissufwo,$1252.57
Irene McCoy,35,2/5/1995,ob@owezad.in,Tihago,$1616.12
Jay Phillips,28,7/23/1982,buf@azijuwuvo.gm,Nolekez,$2012.47
Willie Diaz,26,3/21/1978,esgud@usfa.hu,Enkeji,$5419.70
Floyd Tate,48,10/20/1961,edi@bovomhi.gb,Lidzucni,$6366.06
Kenneth Wolfe,32,7/31/1985,bag@nihehgi.sj,Vesdokcu,$9270.46
Bernard Fields,24,7/18/1975,tek@ra.fi,Erinesdoj,$7754.76
Mayme Taylor,39,3/16/1981,cu@opiuwu.jm,Juansi,$9120.74
Bertha Snyder,61,4/20/2002,lu@cahin.fk,Juakpud,$2767.04
Joshua Phelps,42,1/23/1961,hembiji@ane.se,Fusebanav,$9495.11
Etta Montgomery,44,2/6/1973,jittorpi@udeop.cd,Pezile,$2540.76
Daniel Floyd,29,8/23/1966,ehi@toahvu.bj,Owsemosi,$7690.25
Luke Gardner,27,7/5/1975,og@ne.gd,Jaokwi,$8391.91
Madge Neal,46,3/2/1969,kopte@ma.bj,Wapzicug,$3737.23
Eunice Francis,19,1/8/1955,ka@wo.ar,Ucbegde,$5991.96
Christine Haynes,51,10/18/1978,paipa@fet.at,Radvufwu,$7076.88
Lida Allen,24,4/22/1971,ovumo@ifira.sn,Hofmitip,$4906.30
Isabella Rice,27,8/7/1968,durjew@hura.uz,Noecatet,$8643.08
Gertrude Erickson,41,10/30/1959,eg@ma.nl,Ujbeno,$9039.45
Pearl Ortiz,37,1/4/1962,ofa@ge.ca,Ajoevuhi,$7730.28
